0.0000000; -54.7774699; 21.6820757; 0.6629361; 0.0038490; 10.8029622; 1.6435199
0.9981522; -55.3937173; 22.4694701; 0.6643976; -0.0009496; 10.9537646; 1.5436928
1.9963045; -56.0085780; 23.2565856; 0.6612363; -0.0048971; 11.0935405; 1.4309944
2.9944567; -56.6178701; 24.0444263; 0.6548305; -0.0080018; 11.2215570; 1.0869221
3.9926090; -57.2230608; 24.8400845; 0.6451186; -0.0114404; 11.3178252; 0.8170048
4.9907612; -57.8176345; 25.6405578; 0.6321074; -0.0144656; 11.3896514; 0.5329058
5.9889134; -58.4003833; 26.4491744; 0.6163325; -0.0182933; 11.4362582; -0.0104701
6.9870657; -58.9672513; 27.2686136; 0.5920847; -0.0300236; 11.4353443; -0.3024863
7.9852179; -59.5083521; 28.1017672; 0.5594780; -0.0333655; 11.4089108; -1.1294855
8.9833702; -60.0261842; 28.9601290; 0.5263231; -0.0322306; 11.3096617; -4.1426839
9.9815224; -60.5134885; 29.8297268; 0.4956762; -0.0295385; 10.9379335; -3.9765737
10.9796746; -60.9768535; 30.7173984; 0.4665658; -0.0291216; 10.5688191; -3.8408344
11.9778269; -61.4132291; 31.6165389; 0.4368877; -0.0303033; 10.1996305; -4.0153029
12.9759791; -61.8237339; 32.5309273; 0.4072693; -0.0290214; 9.7988109; -4.1520571
13.9741313; -62.2070213; 33.4555763; 0.3793754; -0.0245875; 9.3663186; -4.2647902
14.9722836; -62.5642519; 34.3800754; 0.3596907; -0.0148693; 8.9002306; -4.4482524
15.9704358; -62.9097327; 35.3203765; 0.3443083; -0.0158804; 8.3865392; -4.2833944
16.9685881; -63.2372600; 36.2574366; 0.3277325; -0.0186083; 7.8602213; -4.0874748
17.9667403; -63.5490750; 37.2055537; 0.3071008; -0.0222058; 7.3227888; -3.8595477
18.9648925; -63.8393824; 38.1572759; 0.2850815; -0.0219350; 6.7763119; -3.6049757
19.9630448; -64.1084616; 39.1151941; 0.2615388; -0.0276514; 6.2226822; -3.3179572
20.9611970; -64.3528799; 40.0875754; 0.2296469; -0.0354419; 5.6655204; -2.9897315
21.9593493; -64.5607260; 41.0558870; 0.1927090; -0.0386175; 5.1117225; -2.7081871
22.9575015; -64.7325138; 42.0459112; 0.1457488; -0.0690020; 4.5522896; -2.4151067
23.9556537; -64.8336172; 43.0425777; 0.0458182; -0.1328881; 3.9877377; -1.3622768
24.9538060; -64.8020629; 44.0882063; -0.1117293; -0.1753677; 3.6307758; -1.3228815
25.9519582; -64.5825886; 45.0443330; -0.3735437; -0.3407882; 3.2467921; -2.2718513
26.9501105; -64.1221318; 45.9063796; -0.5614085; -0.2937120; 2.4507859; -1.7796358
27.9482627; -63.3810006; 46.3782476; -1.6422074; -0.9614804; 1.5664152; 2.7264222
28.9464149; -62.3981733; 46.0411337; -2.0351518; -0.1442162; 2.8100579; 2.0809438
29.9445672; -61.5331219; 45.5418346; -2.1418055; -0.0741003; 3.4714007; 2.0437873
30.9427194; -60.7137445; 44.9753266; -2.2118902; -0.0792817; 4.0162974; 2.0682443
31.9408716; -59.9435066; 44.3497044; -2.2935733; -0.0759781; 4.5010543; 2.1166535
32.9390239; -59.2125253; 43.6585866; -2.3593970; -0.0558963; 4.9482295; 2.0097441
33.9371761; -58.5320197; 42.9366341; -2.4108132; -0.0482127; 5.3382615; 2.0258946
34.9353284; -57.8811786; 42.1759442; -2.4556005; -0.0404459; 5.7045016; 2.0284006
35.9334806; -57.2617844; 41.3894822; -2.4920749; -0.0327693; 6.0490201; 1.9312919
36.9316328; -56.6689196; 40.5836276; -2.5214386; -0.0261417; 6.3597241; 1.9933431
37.9297851; -56.0978558; 39.7629418; -2.5455222; -0.0240030; 6.6652390; 2.0464415
38.9279373; -55.5496961; 38.9331774; -2.5703807; -0.0259817; 6.9649645; 2.1235604
39.9260896; -55.0190764; 38.0849827; -2.5938147; -0.0205028; 7.2629198; 2.1901600
40.9242418; -54.5077385; 37.2291708; -2.6112814; -0.0148051; 7.5579250; 2.2503454
41.9223940; -54.0092229; 36.3661510; -2.6233780; -0.0095890; 7.8494971; 2.2562177
42.9205463; -53.5187995; 35.4972131; -2.6317463; -0.0071461; 8.1313407; 2.2515873
43.9186985; -53.0358860; 34.6269924; -2.6380353; -0.0060460; 8.4031872; 2.2404423
44.9168508; -52.5562231; 33.7502062; -2.6438624; -0.0050301; 8.6652271; 2.1430011
45.9150030; -52.0819574; 32.8736566; -2.6467072; -0.0007598; 8.9086612; 1.9737548
46.9131552; -51.6077411; 31.9958113; -2.6449306; 0.0048358; 9.1271276; 1.7968389
47.9113075; -51.1276076; 31.1171708; -2.6369800; 0.0114189; 9.3215608; 1.1495500
48.9094597; -50.6391570; 30.2477510; -2.6209229; 0.0207412; 9.4438524; 0.3473014
49.9076119; -50.1319321; 29.3870162; -2.5958834; 0.0289894; 9.4804888; -0.2445187
50.9057642; -49.6000729; 28.5414619; -2.5630496; 0.0367211; 9.4547096; -1.0730123
51.9039164; -49.0380801; 27.7153768; -2.5248303; 0.0399058; 9.3407427; -1.0865498
52.9020687; -48.4433835; 26.9120751; -2.4834297; 0.0420784; 9.2239032; -1.1045982
53.9002209; -47.8174360; 26.1368042; -2.4411504; 0.0429299; 9.1035859; -2.5213677
54.8983731; -47.1550827; 25.3848807; -2.3975267; 0.0442138; 8.8228033; -2.5834330
55.8965254; -46.4631047; 24.6661321; -2.3524851; 0.0461521; 8.5255228; -2.4860052
56.8946776; -45.7408413; 23.9819103; -2.3054337; 0.0484977; 8.2293205; -2.4026638
57.8928299; -44.9814874; 23.3296705; -2.2547290; 0.0528637; 7.9325449; -2.3071961
58.8909821; -44.1935269; 22.7220059; -2.1998951; 0.0577446; 7.6367141; -2.2077116
59.8891343; -43.3709357; 22.1597501; -2.1402359; 0.0614304; 7.3424885; -2.0771210
60.8872866; -42.5150546; 21.6484106; -2.0781774; 0.0629479; 7.0544718; -1.9474443
61.8854388; -41.6282953; 21.1917065; -2.0139247; 0.0667906; 6.7733212; -1.8150312
62.8835911; -40.7114230; 20.7944862; -1.9443585; 0.0725713; 6.5003481; -1.6480498
63.8817433; -39.7691776; 20.4651705; -1.8685427; 0.0794894; 6.2421564; -0.9020267
64.8798955; -38.8034888; 20.2112125; -1.7866908; 0.0840031; 6.0962116; -0.6924379
65.8780478; -37.8197067; 20.0391692; -1.7004610; 0.0879340; 5.9817622; -0.6297994
66.8762000; -36.8263244; 19.9541588; -1.6113370; 0.0911364; 5.8757304; -0.4917886
67.8743522; -35.8263209; 19.9595815; -1.5190350; 0.0935526; 5.7915843; -0.3857614
68.8725045; -34.8326309; 20.0583060; -1.4241398; 0.0957654; 5.7247141; -0.2557477
69.8706567; -33.8557202; 20.2508667; -1.3279148; 0.0972095; 5.6799473; 0.0339988
70.8688090; -32.8992157; 20.5374686; -1.2317477; 0.0953382; 5.6859188; 0.2858502
71.8669612; -31.9744882; 20.9134839; -1.1380570; 0.0917640; 5.7358798; 0.3982658
72.8651134; -31.0914399; 21.3706621; -1.0480770; 0.0920501; 5.8047719; 0.4780516
73.8632657; -30.2518156; 21.9079063; -0.9548637; 0.0927643; 5.8864007; 0.7523782
74.8614179; -29.4659795; 22.5180267; -0.8684039; 0.0805229; 6.0126275; 0.9427015
75.8595702; -28.7323800; 23.1883908; -0.7941456; 0.0698938; 6.1671394; 1.0821475
76.8577224; -28.0415519; 23.9146423; -0.7279634; 0.0618151; 6.3398663; 1.2360112
77.8558746; -27.3986779; 24.6802493; -0.6703013; 0.0539621; 6.5315663; 1.4244210
78.8540269; -26.7994109; 25.4771916; -0.6207243; 0.0452176; 6.7457347; 1.5810814
79.8521791; -26.2343819; 26.3041492; -0.5793809; 0.0372456; 6.9757621; 1.8489001
80.8503314; -25.7021632; 27.1489677; -0.5463052; 0.0291772; 7.2354837; 2.1433425
81.8484836; -25.1931765; 28.0102033; -0.5243610; 0.0116322; 7.5253564; 1.6711834
82.8466358; -24.6955313; 28.8748297; -0.5238758; -0.0105980; 7.7438478; -2.2515821
83.8447881; -24.1871790; 29.7368968; -0.5454763; -0.0330822; 7.4479753; -2.5840876
84.8429403; -23.6498533; 30.5832836; -0.5883833; -0.0493169; 7.0932158; -2.7086080
85.8410925; -23.0767711; 31.3945271; -0.6439297; -0.0621713; 6.7012315; -2.5651719
86.8392448; -22.4509043; 32.1744010; -0.7099345; -0.0700261; 6.3075859; -2.4406651
87.8373970; -21.7753626; 32.9032698; -0.7886479; -0.0901176; 5.9087503; -2.2195907
88.8355493; -21.0413682; 33.5672614; -0.8837275; -0.0998250; 5.5210824; -1.9599212
89.8337015; -20.2349007; 34.1630249; -0.9859448; -0.1037790; 5.1545855; -1.5726909
90.8318537; -19.3764087; 34.6673565; -1.0957346; -0.1181351; 4.8404732; -1.3069075
91.8300060; -18.4584386; 35.0694147; -1.2228264; -0.1346042; 4.5630249; -1.0111817
92.8281582; -17.4969825; 35.3429204; -1.3678970; -0.1527014; 4.3361930; -0.5253639
93.8263105; -16.5080362; 35.4674092; -1.5255170; -0.1664323; 4.2135238; -0.2003358
94.8244627; -15.5059604; 35.4254785; -1.7029997; -0.1869628; 4.1657954; 0.3658183
95.8226149; -14.5412325; 35.2018942; -1.8935835; -0.1831923; 4.2525447; 0.8977807
96.8207672; -13.6312472; 34.8106783; -2.0524853; -0.1411500; 4.4582934; 1.0738358
97.8189194; -12.7769694; 34.2892304; -2.1805437; -0.1137303; 4.6925562; 0.8934534
98.8170717; -11.9980230; 33.6776536; -2.2917320; -0.1104760; 4.8789024; 1.1034818
99.8152239; -11.2866762; 32.9818224; -2.3958121; -0.0952381; 5.0996641; 1.3436393
100.8133761; -10.6404087; 32.2158949; -2.4831056; -0.0801280; 5.3562008; 1.7216482
101.8115284; -10.0602609; 31.4040686; -2.5571912; -0.0684442; 5.6679645; 2.0359474
102.8096806; -9.5365595; 30.5588336; -2.6100124; -0.0324237; 6.0158285; 1.2276020
103.8078328; -9.0344659; 29.6855175; -2.6232852; 0.0059128; 6.2161772; -3.1135135
104.8059851; -8.5305243; 28.8213981; -2.5971916; 0.0467768; 5.6943251; -2.6858708
105.8041373; -7.9792316; 27.9708915; -2.5302896; 0.0806126; 5.2022613; -2.3350586
106.8022896; -7.3791655; 27.1929309; -2.4312667; 0.1262710; 4.7330788; -2.1818760
107.8004418; -6.6643678; 26.4658756; -2.2949798; 0.1454073; 4.2480991; -1.6907583
108.7985940; -5.8779074; 25.8806594; -2.1082250; 0.2367230; 3.8302843; -1.3625630
109.7967463; -4.9944970; 25.4808515; -1.8829622; 0.2387790; 3.4570200; -0.5858165
110.7948985; -4.0094975; 25.2906590; -1.6391374; 0.2490333; 3.2835223; 0.2210996
111.7930508; -3.0112991; 25.3567107; -1.3592570; 0.3054132; 3.3500599; 0.7452850
112.7912030; -2.0821006; 25.7087824; -1.0618135; 0.2826757; 3.5652092; 0.4586797
113.7893552; -1.2913317; 26.2923689; -0.8216065; 0.2072347; 3.6913929; 0.4515496
114.7875075; -0.6209620; 27.0499789; -0.6347730; 0.1585767; 3.8115367; 0.5387483
115.7856597; -0.0863164; 27.8956184; -0.5000340; 0.1150314; 3.9501035; 0.6966321
116.7838120; 0.3498562; 28.8125995; -0.3872216; 0.1165803; 4.1223788; 0.7840460
117.7819642; 0.6673435; 29.7566438; -0.2563808; 0.1418614; 4.3080392; 0.8459274
118.7801164; 0.8528869; 30.7385199; -0.1175280; 0.1401844; 4.4997701; 1.2324308
119.7782687; 0.8899938; 31.7215009; 0.0521631; 0.1844826; 4.7653161; 1.4955614
120.7764209; 0.7679626; 32.6692934; 0.1946126; 0.1217826; 5.0689085; 1.6012303
121.7745731; 0.5214755; 33.6490061; 0.2878346; 0.0609703; 5.3749769; 1.6563508
122.7727254; 0.2078964; 34.6195960; 0.3322107; 0.0311092; 5.6742363; 1.7705260
123.7708776; -0.1335194; 35.5667202; 0.3581764; 0.0212931; 5.9775803; 1.8715065
124.7690299; -0.4922038; 36.4983903; 0.3760519; 0.0179543; 6.2823215; 1.9804722
125.7671821; -0.8678375; 37.4218289; 0.3979652; 0.0260465; 6.5894756; 2.0450730
126.7653343; -1.2671421; 38.3369640; 0.4244461; 0.0244971; 6.8922984; 2.1086715
127.7634866; -1.6871968; 39.2391173; 0.4462516; 0.0198832; 7.1911979; 2.1377532
128.7616388; -2.1264557; 40.1351360; 0.4649640; 0.0175209; 7.4820407; 2.1418557
129.7597911; -2.5808123; 41.0224069; 0.4811548; 0.0149807; 7.7625208; 2.1582609
130.7579433; -3.0486757; 41.9034113; 0.4947667; 0.0123374; 8.0352521; 2.1365931
131.7560955; -3.5276993; 42.7791910; 0.5058477; 0.0098695; 8.2964189; 2.1019353
132.7542478; -4.0149692; 43.6495320; 0.5145477; 0.0076283; 8.5455643; 2.0992908
133.7524000; -4.5096078; 44.5174422; 0.5211379; 0.0057032; 8.7873484; 2.0656412
134.7505523; -5.0088767; 45.3819080; 0.5261165; 0.0042786; 9.0189324; 2.0202734
135.7487045; -5.5116980; 46.2439169; 0.5298481; 0.0032983; 9.2398172; 2.0080137
136.7468567; -6.0177268; 47.1048908; 0.5327321; 0.0025311; 9.4542493; 1.9607473
137.7450090; -6.5257007; 47.9641566; 0.5349821; 0.0019792; 9.6590412; 1.9207261
138.7431612; -7.0354485; 48.8225397; 0.5366993; 0.0014713; 9.8555280; 1.9078685
139.7413134; -7.5464483; 49.6801579; 0.5379240; 0.0009880; 10.0468959; 1.8637044
140.7394657; -8.0582662; 50.5372205; 0.5386821; 0.0005307; 10.2303783; 1.8324387
141.7376179; -8.5707316; 51.3943113; 0.5390374; 0.0002306; 10.4076292; 1.8181525
142.7357702; -9.0829991; 52.2506213; 0.5391558; 0.0000301; 10.5805638; 1.7700393
143.7339224; -9.5956378; 53.1074614; 0.5391564; -0.0000290; 10.7462490; 1.7323753
144.7320746; -10.1084581; 53.9646505; 0.5391237; -0.0000088; 10.9059716; 1.1095972
145.7302269; -10.6204928; 54.8205451; 0.5391131; -0.0003761; 11.0070573; -2.2095053
146.7283791; -11.1326372; 55.6779063; 0.5373628; -0.0031458; 10.8048353; -4.4881454
147.7265314; -11.6417479; 56.5362246; 0.5330103; -0.0053788; 10.3819440; -5.4044394
148.7246836; -12.1458134; 57.3965029; 0.5267318; -0.0068572; 9.8486473; -5.1266840
149.7228358; -12.6445788; 58.2608290; 0.5200979; -0.0064226; 9.3145817; -4.8671325
150.7209881; -13.1374143; 59.1274368; 0.5143797; -0.0047002; 8.7775369; -4.5988390
151.7191403; -13.6267641; 59.9973881; 0.5106824; -0.0033658; 8.2379895; -4.3404720
152.7172926; -14.1127330; 60.8686997; 0.5066300; -0.0047260; 7.6941255; -4.0334381
153.7154448; -14.5932794; 61.7391856; 0.5026854; -0.0022311; 7.1517548; -3.7328336
154.7135970; -15.0755851; 62.6174446; 0.5025783; 0.0045092; 6.6102741; -3.4304751
155.7117493; -15.5609653; 63.4893156; 0.5164962; 0.0232683; 6.0702102; -3.1319455
156.7099015; -16.0682198; 64.3518835; 0.5508008; 0.0473165; 5.5312869; -2.8395523
157.7080538; -16.6143369; 65.1872618; 0.6117973; 0.0752644; 4.9926470; -2.6185404
158.7062060; -17.2272551; 65.9822409; 0.7095938; 0.1219968; 4.4383690; -2.0524871
159.7043582; -17.9282705; 66.6911413; 0.8580614; 0.1690482; 3.9499026; -1.5364665
160.7025105; -18.7329488; 67.2702066; 1.0407610; 0.1976874; 3.5404061; -1.6047206
161.7006627; -19.6846897; 67.7177408; 1.2120027; 0.1503791; 3.0546628; -0.0340070
162.6988149; -20.6042883; 67.9104068; 1.6969212; 0.9265863; 3.0435302; 1.4257260
163.6969672; -21.4756940; 67.5964164; 2.0282418; 0.1249443; 3.4798361; 1.7559868
164.6951194; -22.3721758; 67.1102217; 2.0884228; 0.0146361; 3.9515495; 1.8099146
165.6932717; -23.2796209; 66.5941892; 2.0794214; -0.0321748; 4.3849612; -1.4687333
166.6914239; -24.2050376; 66.1127271; 2.0058637; -0.1261079; 4.0368113; -1.3508507
167.6895761; -25.1443462; 65.7841670; 1.7752527; -0.3115988; 3.6877007; -1.1625442
168.6877284; -26.0821915; 65.7328405; 1.4708775; -0.3669909; 3.3583246; -0.3538977
169.6858806; -27.0157920; 65.9760531; 1.1873449; -0.2464334; 3.2514391; 0.4826985
170.6840329; -27.9012919; 66.4739560; 0.9291908; -0.2377712; 3.3963907; 0.5475957
171.6821851; -28.6345972; 67.1578804; 0.7181645; -0.1952869; 3.5536794; 0.6541318
172.6803373; -29.2200245; 67.9708368; 0.5349202; -0.1701626; 3.7328921; 0.7198356
173.6784896; -29.6578911; 68.8766472; 0.3661861; -0.1642312; 3.9206498; 0.7941590
174.6766418; -29.9387767; 69.8326354; 0.2062236; -0.1591847; 4.1178730; 0.7949315
175.6747941; -30.0653368; 70.8268022; 0.0484213; -0.1516162; 4.3062516; 0.7289589
176.6729463; -30.0415575; 71.8187351; -0.0940843; -0.1390561; 4.4720272; 0.5975973
177.6710985; -29.8809957; 72.7986081; -0.2298168; -0.1338064; 4.6034784; 0.3424458
178.6692508; -29.5892570; 73.7532556; -0.3630896; -0.1322353; 4.6771401; 0.1995619
179.6674030; -29.1754690; 74.6587491; -0.4942684; -0.1321126; 4.7195366; 0.1174377
180.6655552; -28.6466219; 75.5019213; -0.6265120; -0.1347913; 4.7443089; 0.0769703
181.6637075; -28.0073297; 76.2693248; -0.7631014; -0.1370637; 4.7604751; 0.0684188
182.6618597; -27.2726075; 76.9406930; -0.8969153; -0.1320360; 4.7747992; 0.1287985
183.6600120; -26.4546436; 77.5109877; -1.0259933; -0.1267664; 4.8016485; 0.1805356
184.6581642; -25.5676367; 77.9745411; -1.1521798; -0.1242749; 4.8390322; 0.2421492
185.6563164; -24.6325558; 78.3235563; -1.2745458; -0.1218542; 4.8887254; 0.3344186
186.6544687; -23.6595815; 78.5575644; -1.3940943; -0.1171700; 4.9565348; 0.4225705
187.6526209; -22.6673762; 78.6754305; -1.5110428; -0.1170648; 5.0409143; 0.5138055
188.6507732; -21.6738214; 78.6769068; -1.6276779; -0.1172993; 5.1416465; 0.5673495
189.6489254; -20.6830932; 78.5631856; -1.7409531; -0.1081360; 5.2506315; 0.5320951
190.6470776; -19.7133020; 78.3439514; -1.8443714; -0.1015479; 5.3508275; 0.6386808
191.6452299; -18.7676432; 78.0270553; -1.9427271; -0.0942570; 5.4686705; 0.8224874
192.6433821; -17.8525242; 77.6211484; -2.0322568; -0.0847440; 5.6167866; 1.1022083
193.6415344; -16.9798944; 77.1425111; -2.1108651; -0.0735808; 5.8093576; 1.2491595
194.6396866; -16.1419894; 76.5992196; -2.1797333; -0.0646581; 6.0201610; 1.3885640
195.6378388; -15.3403716; 76.0023841; -2.2406510; -0.0572785; 6.2461456; 1.5498051
196.6359911; -14.5757223; 75.3621924; -2.2936134; -0.0488551; 6.4890845; 1.6529280
197.6341433; -13.8438033; 74.6860134; -2.3384525; -0.0415374; 6.7385432; 1.7352807
198.6322955; -13.1381725; 73.9776425; -2.3767604; -0.0353083; 6.9908593; 1.8020180
199.6304478; -12.4593441; 73.2461403; -2.4094651; -0.0303406; 7.2435827; 1.8405754
200.6286000; -11.8026907; 72.4940173; -2.4375209; -0.0259493; 7.4929193; 1.8817218
201.6267523; -11.1651223; 71.7242990; -2.4614451; -0.0216190; 7.7395303; 1.8966484
202.6249045; -10.5448619; 70.9419679; -2.4800323; -0.0156488; 7.9803895; 1.9103503
203.6230567; -9.9370052; 70.1497124; -2.4939612; -0.0134649; 8.2158540; 1.9321069
204.6212090; -9.3404943; 69.3501781; -2.5071825; -0.0129650; 8.4473268; 1.9201202
205.6193612; -8.7538960; 68.5424268; -2.5196352; -0.0119795; 8.6712442; 1.9197789
206.6175135; -8.1770494; 67.7278390; -2.5309667; -0.0105766; 8.8894847; 1.9277902
207.6156657; -7.6089525; 66.9073904; -2.5407028; -0.0089746; 9.1033727; 1.9010146
208.6138179; -7.0480910; 66.0816085; -2.5490278; -0.0077026; 9.3094790; 1.8935212
209.6119702; -6.4936573; 65.2516224; -2.5561073; -0.0065216; 9.5103335; 1.8930384
210.6101224; -5.9446915; 64.4181243; -2.5620578; -0.0054163; 9.7069833; 1.8571428
211.6082747; -5.4001641; 63.5815189; -2.5669837; -0.0044526; 9.8961077; 1.8451930
212.6064269; -4.8593964; 62.7425511; -2.5709656; -0.0035530; 10.0805017; 1.8389443
213.6045791; -4.3216408; 61.9017208; -2.5740856; -0.0027056; 10.2609750; 1.7976705
214.6027314; -3.7861117; 61.0593469; -2.5764053; -0.0019419; 10.4343809; 1.7826303
215.6008836; -3.2522399; 60.2159689; -2.5779750; -0.0012225; 10.6035361; 1.7718970
216.5990358; -2.7194213; 59.3719757; -2.5788533; -0.0005543; 10.7690401; 1.7236501
217.5971881; -2.1870618; 58.5276063; -2.5792003; -0.0001409; 10.9276326; 1.6982775
218.5953403; -1.6548487; 57.6831814; -2.5792048; 0.0000212; 11.0816710; 1.6772741
219.5934926; -1.1226388; 56.8387891; -2.5792011; -0.0000115; 11.2317311; 1.6188961
220.5916448; -0.5904057; 55.9943510; -2.5792071; -0.0000004; 11.3746909; 1.5953493
221.5897970; -0.0581862; 55.1499328; -2.5792041; 0.0000029; 11.5138350; 1.5748404
222.5879493; 0.4740278; 54.3055282; -2.5792028; -0.0000001; 11.6495604; 1.5201586
223.5861015; 1.0062572; 53.4611002; -2.5792026; 0.0000005; 11.7790898; 1.4983070
224.5842538; 1.5384789; 52.6166851; -2.5792019; 0.0000007; 11.9053783; 1.4784638
225.5824060; 2.0707012; 51.7722704; -2.5792014; 0.0000004; 12.0286947; 1.4271577
226.5805582; 2.6029256; 50.9278531; -2.5792011; 0.0000003; 12.1465443; 1.4068900
227.5787105; 3.1351480; 50.0834395; -2.5792008; 0.0000003; 12.2616116; 1.3878045
228.5768627; 3.6673783; 49.2390139; -2.5792005; 0.0000003; 12.3740696; 1.3395797
229.5750150; 4.1995967; 48.3946077; -2.5792003; -0.0000000; 12.4816589; 1.3208175
230.5731672; 4.7318191; 47.5501950; -2.5792006; -0.0000005; 12.5868408; 1.3025427
231.5713194; 5.2640568; 46.7057572; -2.5792014; -0.0000012; 12.6897137; 1.2571138
232.5694717; 5.7962646; 45.8613595; -2.5792111; -0.0000182; 12.7882139; 1.2398068
233.5676239; 6.3284737; 45.0169269; -2.5792339; -0.0000200; 12.8846206; 1.2221844
234.5657761; 6.8606787; 44.1724644; -2.5792474; -0.0000069; 12.9789560; 1.1797660
235.5639284; 7.3928519; 43.3280370; -2.5792518; -0.0000021; 13.0693715; 1.1637303
236.5620806; 7.9250352; 42.4835895; -2.5792522; 0.0000001; 13.1579494; 1.1463884
237.5602329; 8.4572278; 41.6391272; -2.5792522; -0.0000002; 13.2446281; 1.1076255
238.5583851; 8.9894008; 40.7946958; -2.5792524; -0.0000001; 13.3278404; 1.0923698
239.5565373; 9.5215844; 39.9502475; -2.5792524; -0.0000000; 13.4094009; 1.0753616
240.5546896; 10.0537747; 39.1057883; -2.5792524; 0.0000000; 13.4892098; 1.0399279
241.5528418; 10.5859495; 38.2613539; -2.5792524; 0.0000001; 13.5659425; 1.0254422
242.5509941; 11.1181332; 37.4169054; -2.5792523; 0.0000001; 13.6411836; 1.0088074
243.5491463; 11.6503219; 36.5724493; -2.5792521; 0.0000002; 13.7148014; 0.9764010
244.5472985; 12.1824988; 35.7280123; -2.5792519; 0.0000003; 13.7856799; 0.9626664
245.5454508; 12.7146831; 34.8835640; -2.5792516; 0.0000003; 13.8552064; 0.9464354
246.5436030; 13.2468707; 34.0391110; -2.5792512; 0.0000004; 13.9232223; 0.9167856
247.5417553; 13.7790501; 33.1946719; -2.5792508; 0.0000005; 13.9887920; 0.9037784
248.5399075; 14.3112353; 32.3502243; -2.5792503; 0.0000006; 14.0531320; 0.8879755
249.5380597; 14.8434227; 31.5057745; -2.5792497; 0.0000007; 14.1160613; 0.8608382
250.5362120; 15.3756051; 30.6613337; -2.5792490; 0.0000007; 14.1768009; 0.8485315
251.5343642; 15.9077919; 29.8168874; -2.5792482; 0.0000008; 14.2364185; 0.8331762
252.5325164; 16.4399798; 28.9724408; -2.5792473; 0.0000009; 14.2947152; 0.8083302
253.5306687; 16.9721657; 28.1279990; -2.5792464; 0.0000010; 14.3510472; 0.7966952
254.5288209; 17.5043546; 27.2835546; -2.5792453; 0.0000011; 14.4063529; 0.7818027
255.5269732; 18.0365440; 26.4391113; -2.5792442; 0.0000012; 14.4604191; 0.7590466
256.5251254; 18.5687341; 25.5946692; -2.5792429; 0.0000013; 14.5127188; 0.7480537
257.5232776; 19.1009256; 24.7502272; -2.5792416; 0.0000014; 14.5640774; 0.7336358
258.5214299; 19.6331174; 23.9057874; -2.5792402; 0.0000014; 14.6142708; 0.7127855
259.5195821; 20.1653122; 23.0613455; -2.5792386; 0.0000018; 14.6628731; 0.7024041
260.5177344; 20.6975072; 22.2169067; -2.5792367; 0.0000016; 14.7106105; 0.6884692
261.5158866; 21.2297023; 21.3724705; -2.5792357; 0.0000003; 14.7572509; 0.6693524
262.5140388; 21.7619019; 20.5280292; -2.5792335; 0.0000049; 14.8024554; 0.6565765
263.5121911; 22.2941042; 19.6835959; -2.5792119; 0.0000891; 14.8466633; 0.6376552
264.5103433; 22.8263889; 18.8392173; -2.5790091; 0.0003172; 14.8894717; 0.5818001
265.5084956; 23.3589957; 17.9950288; -2.5783730; 0.0010325; 14.9284231; 0.5344340
266.5066478; 23.8924689; 17.1513992; -2.5769245; 0.0019345; 14.9641141; 0.4604979
267.5048000; 24.4275804; 16.3088110; -2.5744478; 0.0030281; 14.9947992; 0.0781229
268.5029523; 24.9652185; 15.4678191; -2.5709820; 0.0038744; 14.9999987; 0.0000067
269.5011045; 25.5060933; 14.6289229; -2.5667551; 0.0044371; 14.9999991; -0.0000000
270.4992567; 26.0506492; 13.7924066; -2.5622891; 0.0045114; 14.9999991; 0.0000000
271.4974090; 26.5989232; 12.9583166; -2.5579518; 0.0040876; 14.9999991; 0.0000000
272.4955612; 27.1505924; 12.1264711; -2.5541590; 0.0034233; 14.9999991; 0.0000000
273.4937135; 27.7050816; 11.2965029; -2.5512169; 0.0024718; 14.9999991; 0.0000000
274.4918657; 28.2616104; 10.4678830; -2.5492915; 0.0013527; 14.9999991; 0.0000000
275.4900179; 28.8192496; 9.6400264; -2.5485211; 0.0001882; 14.9999991; 0.0000000
276.4881702; 29.3770421; 8.8122766; -2.5489190; -0.0009857; 14.9999991; 0.0000000
277.4863224; 29.9340479; 7.9839645; -2.5504300; -0.0020098; 14.9999991; 0.0000000
278.4844747; 30.4893708; 7.1545695; -2.5529127; -0.0028915; 14.9999991; -0.0000000
279.4826269; 31.0423217; 6.3235798; -2.5561081; -0.0035111; 14.9999991; 0.0000001
280.4807791; 31.5924108; 5.4906678; -2.5597248; -0.0036203; 14.9999991; -1.3744322
281.4789314; 32.1394681; 4.6558044; -2.5633146; -0.0035514; 14.9082591; -5.0480453
282.4770836; 32.6835776; 3.8189970; -2.5667854; -0.0034031; 14.5663569; -7.3580263
283.4752359; 33.2248782; 2.9803542; -2.5699694; -0.0028901; 14.0531097; -7.7919658
284.4733881; 33.7637472; 2.1401734; -2.5725281; -0.0021611; 13.4883193; -7.4054687
285.4715403; 34.3008319; 1.2988365; -2.5741741; -0.0011368; 12.9286962; -7.0188799
286.4696926; 34.8369419; 0.4568618; -2.5749257; -0.0004538; 12.3749491; -6.6667202
287.4678448; 35.3726554; -0.3853366; -2.5751109; -0.0000216; 11.8249973; -6.2997260
288.4659970; 35.9083241; -1.2275788; -2.5751275; -0.0000116; 11.2807088; -5.9612917
289.4641493; 36.4439809; -2.0698321; -2.5751521; -0.0000501; 10.7402904; -5.6457956
290.4623015; 36.9795860; -2.9121011; -2.5752540; -0.0003104; 10.2021130; -5.3277817
291.4604538; 37.5148864; -3.7545855; -2.5760221; -0.0012288; 9.6668110; -5.0240754
292.4586060; 38.0491448; -4.5977498; -2.5777882; -0.0023688; 9.1333264; -4.7327137
293.4567582; 38.5812850; -5.4419845; -2.5807857; -0.0038048; 8.6005647; -4.4466627
294.4549105; 39.1101922; -6.2883264; -2.5856518; -0.0059374; 8.0680122; -4.1814185
295.4530627; 39.6334203; -7.1372420; -2.5937673; -0.0112006; 7.5329567; -3.9082790
296.4512150; 40.1478515; -7.9931506; -2.6080855; -0.0173158; 6.9959504; -3.6431801
297.4493672; 40.6471227; -8.8571857; -2.6280712; -0.0227183; 6.4552634; -3.4200914
298.4475194; 41.1255136; -9.7314866; -2.6561731; -0.0361180; 5.9027859; -3.1477706
299.4456717; 41.5735086; -10.6252102; -2.7003484; -0.0524169; 5.3440596; -2.8607754
300.4438239; 41.9729388; -11.5393968; -2.7622068; -0.0718155; 4.7799576; -2.5968713
301.4419762; 42.3016141; -12.4712697; -2.8505425; -0.1159431; 4.2028381; -2.2955366
302.4401284; 42.5265891; -13.4538618; -2.9881988; -0.1497555; 3.6168022; -1.2888714
303.4382806; 42.6138363; -14.5121056; -3.1302913; -0.1517961; 3.2416475; -1.6429052
304.4364329; 42.4956120; -15.4966269; 2.8134816; -0.4885646; 2.6885943; -3.1129411
305.4345851; 42.0120821; -16.2594665; 1.9249767; -1.7566808; 1.0070558; 2.3759763
306.4327374; 41.0456920; -16.2012471; 1.2513116; -0.4499690; 2.3994444; 1.9494121
307.4308896; 40.1745981; -15.7218178; 0.9440213; -0.1354953; 3.1062765; 1.8657929
308.4290418; 39.3758119; -15.1030940; 0.8918947; -0.0497636; 3.6569994; 1.9006525
309.4271941; 38.6195820; -14.4482118; 0.8128547; -0.0978812; 4.1434195; 2.1156859
310.4253463; 37.9262817; -13.7331122; 0.7331847; -0.0607966; 4.6250923; 2.2200615
311.4234985; 37.2798453; -12.9776581; 0.6851136; -0.0419828; 5.0816727; 2.3200538
312.4216508; 36.6610564; -12.1894967; 0.6475701; -0.0326666; 5.5185987; 2.3363259
313.4198030; 36.0704582; -11.3845788; 0.6201457; -0.0224833; 5.9261243; 2.3193486
314.4179553; 35.4975638; -10.5661151; 0.6032393; -0.0108801; 6.3046868; 2.3488697
315.4161075; 34.9334336; -9.7411078; 0.5979067; -0.0027909; 6.6661934; 2.3026319
316.4142597; 34.3733891; -8.9147530; 0.5924422; -0.0081710; 7.0024916; 2.2744318
317.4124120; 33.8199181; -8.0841576; 0.5829728; -0.0095974; 7.3195182; 2.2788481
318.4105642; 33.2745437; -7.2485345; 0.5735783; -0.0090787; 7.6239505; 2.2175969
319.4087165; 32.7364481; -6.4076741; 0.5651740; -0.0077636; 7.9089582; 2.1995258
320.4068687; 32.2045141; -5.5621171; 0.5581780; -0.0061344; 8.1818423; 2.2084825
321.4050209; 31.6784278; -4.7143830; 0.5529534; -0.0042502; 8.4469726; 2.1997915
322.4031732; 31.1553467; -3.8635931; 0.5499514; -0.0017469; 8.7030340; -1.5364447
323.4013254; 30.6338270; -3.0128537; 0.5514581; 0.0068388; 8.5249979; -3.4503796
324.3994777; 30.1068751; -2.1663989; 0.5641733; 0.0188451; 8.1109544; -3.6437659
325.3976299; 29.5635848; -1.3294083; 0.5894624; 0.0317751; 7.6494127; -2.9983526
326.3957821; 28.9962135; -0.5126310; 0.6263023; 0.0411692; 7.2476127; -2.5779331
327.3939344; 28.3929742; 0.2842980; 0.6706540; 0.0487604; 6.8834258; -2.1502036
328.3920866; 27.7528810; 1.0480719; 0.7269440; 0.0641048; 6.5642280; -1.9029257
329.3902388; 27.0637942; 1.7717816; 0.7957614; 0.0705588; 6.2681951; -1.7248085
330.3883911; 26.3235444; 2.4465869; 0.8680803; 0.0740323; 5.9872387; -1.4578883
331.3865433; 25.5302153; 3.0681673; 0.9457730; 0.0828956; 5.7390451; -1.0029825
332.3846956; 24.6789270; 3.6255016; 1.0378528; 0.0908907; 5.5618684; -0.5563381
333.3828478; 23.8175522; 4.0829158; 1.1296529; 0.1126488; 5.4611134; -0.4228960
334.3810000; 22.8949059; 4.4394655; 1.2838065; 0.1642401; 5.3832640; 1.1411518
335.3791523; 21.9450361; 4.6441481; 1.4262937; 0.1221840; 5.5908512; 0.9057447
336.3773045; 20.9521660; 4.7374020; 1.5182990; 0.0676292; 5.7502834; 0.8522063
337.3754568; 19.9268087; 4.7593902; 1.5780209; 0.0526634; 5.8963567; 0.9761734
338.3736090; 18.9270971; 4.7271106; 1.6269429; 0.0455502; 6.0593533; 1.2616655
339.3717612; 17.9307305; 4.6489676; 1.6711018; 0.0445444; 6.2637393; 1.4946633
340.3699135; 16.9448836; 4.5275347; 1.7156331; 0.0442323; 6.4975560; 1.8276435
341.3680657; 15.9588833; 4.3633873; 1.7538908; 0.0322373; 6.7725008; 1.9812107
342.3662180; 14.9805162; 4.1678624; 1.7805744; 0.0223970; 7.0584606; 2.1382608
343.3643702; 14.0076304; 3.9506809; 1.7989584; 0.0144265; 7.3546234; 2.2299642
344.3625224; 13.0362102; 3.7187709; 1.8103039; 0.0082778; 7.6512857; 2.2700481
345.3606747; 12.0674268; 3.4789517; 1.8158442; 0.0035852; 7.9419066; 2.3042198
346.3588269; 11.0998330; 3.2356864; 1.8178336; 0.0003968; 8.2264090; 2.2163429
347.3569791; 10.1317897; 2.9913962; 1.8181131; 0.0001805; 8.4910718; 2.2038425
348.3551314; 9.1641487; 2.7470186; 1.8182146; 0.0000657; 8.7463044; 2.1832566
349.3532836; 8.1965116; 2.5025706; 1.8182660; 0.0000373; 8.9920123; 2.0904660
350.3514359; 7.2288226; 2.2580719; 1.8182872; 0.0000051; 9.2211438; 2.0721560
351.3495881; 6.2612045; 2.0135812; 1.8183041; 0.0000850; 9.4427828; 2.0490202
352.3477403; 5.2933175; 1.7689303; 1.8184849; 0.0002771; 9.6569465; 1.9620302
353.3458926; 4.3258678; 1.5241481; 1.8187322; 0.0002184; 9.8576582; 1.9414783
354.3440448; 3.3582203; 1.2790934; 1.8189090; 0.0001118; 10.0523234; 1.9171606
355.3421971; 2.3904752; 1.0339011; 1.8189435; -0.0000428; 10.2409200; 1.8390682
356.3403493; 1.4230359; 0.7888010; 1.8189091; -0.0000254; 10.4186267; 1.8184130
357.3385015; 0.4554341; 0.5436863; 1.8188903; -0.0000171; 10.5914064; 1.7940103
358.3366538; -0.5122863; 0.2985595; 1.8188725; -0.0000187; 10.7591486; 1.7244310
359.3348060; -1.4797737; 0.0535101; 1.8188555; -0.0000153; 10.9179563; 1.7041710
360.3329583; -2.4473933; -0.1915569; 1.8188416; -0.0000128; 11.0726606; 1.6797328
361.3311105; -3.4150871; -0.4366295; 1.8188296; -0.0000113; 11.2230598; 1.6177869
362.3292627; -4.3826192; -0.6816496; 1.8188192; -0.0000097; 11.3660313; 1.5981370
363.3274150; -5.3502488; -0.9266844; 1.8188102; -0.0000083; 11.5055219; 1.5736849
364.3255672; -6.3179152; -1.1717200; 1.8188026; -0.0000070; 11.6412452; 1.5184900
365.3237194; -7.2854879; -1.4167247; 1.8187962; -0.0000059; 11.7707246; 1.4995678
366.3218717; -8.2531218; -1.6617388; 1.8187908; -0.0000048; 11.8972077; 1.4751971
367.3200239; -9.2207621; -1.9067496; 1.8187865; -0.0000038; 12.0203367; 1.4259482
368.3181762; -10.1883708; -2.1517484; 1.8187832; -0.0000029; 12.1381679; 1.4078110
369.3163284; -11.1560040; -2.3967504; 1.8187808; -0.0000018; 12.2533889; 1.3836623
370.3144806; -12.1236210; -2.6417465; 1.8187795; -0.0000008; 12.3655874; 1.3396195
371.3126329; -13.0912607; -2.8867475; 1.8187793; 0.0000004; 12.4732530; 1.3222881
372.3107851; -14.0588879; -3.1317459; 1.8187804; 0.0000017; 12.5786219; 1.2985283
373.3089374; -15.0264849; -3.3767383; 1.8187828; 0.0000031; 12.6812455; 1.2590097
374.3070896; -15.9941494; -3.6217511; 1.8187868; 0.0000049; 12.7799591; 1.2424824
375.3052418; -16.9617654; -3.8667566; 1.8187925; 0.0000067; 12.8766349; 1.2192918
376.3033941; -17.9293441; -4.1117596; 1.8188002; 0.0000087; 12.9708059; 1.1836689
377.3015463; -18.8970264; -4.3567979; 1.8188103; 0.0000116; 13.0615760; 1.1679304
378.2996986; -19.8646252; -4.6018269; 1.8188233; 0.0000140; 13.1505252; 1.1454921
379.2978508; -20.8321851; -4.8468605; 1.8188379; 0.0000152; 13.2371849; 1.1131888
380.2960030; -21.7998762; -5.0919439; 1.8188572; 0.0000247; 13.3208606; 1.0982090
381.2941553; -22.7674504; -5.3370225; 1.8188821; 0.0000066; 13.4028985; 1.0766892
382.2923075; -23.7349922; -5.5820961; 1.8188539; -0.0000631; 13.4828442; 1.0471311
383.2904597; -24.7027262; -5.8271531; 1.8187550; -0.0001356; 13.5601430; 1.0328192
384.2886120; -25.6703195; -6.0720368; 1.8185966; -0.0001314; 13.6359562; 1.0122878
385.2867642; -26.6379258; -6.3167991; 1.8185393; 0.0000166; 13.7098554; 0.9844870
386.2849165; -27.6056442; -6.5615843; 1.8185523; -0.0000182; 13.7813451; 0.9584917
387.2830687; -28.5732579; -6.8063180; 1.8184492; -0.0003808; 13.8505925; 0.9159480
388.2812209; -29.5410190; -7.0506574; 1.8176121; -0.0012966; 13.9164444; 0.7939248
389.2793732; -30.5091124; -7.2936937; 1.8156730; -0.0026560; 13.9732723; -2.1336629
390.2775254; -31.4778312; -7.5341509; 1.8122395; -0.0044672; 13.8200180; -7.3837443
391.2756777; -32.4476709; -7.7702499; 1.8065285; -0.0069747; 13.2760196; -6.8863996
392.2738299; -33.4189607; -7.9996510; 1.7986599; -0.0086692; 12.7477585; -6.5051821
393.2719821; -34.3922836; -8.2206607; 1.7892387; -0.0102112; 12.2277971; -6.1132545
394.2701344; -35.3679399; -8.4317676; 1.7782772; -0.0117461; 11.7181528; -5.5975592
395.2682866; -36.3454924; -8.6311582; 1.7652345; -0.0146015; 11.2312365; -5.1886365
396.2664389; -37.3263077; -8.8163736; 1.7491092; -0.0178312; 10.7602311; -4.7290085
397.2645911; -38.3104777; -8.9841135; 1.7295223; -0.0213926; 10.3122274; -4.2705864
398.2627433; -39.2962404; -9.1308740; 1.7075965; -0.0220760; 9.8902296; -3.9673932
399.2608956; -40.2870227; -9.2561421; 1.6852768; -0.0242704; 9.4813774; -3.6401965
400.2590478; -41.2804568; -9.3568956; 1.6571709; -0.0320411; 9.0900813; -3.3856701
401.2572000; -42.2779370; -9.4261280; 1.6221681; -0.0374892; 8.7103817; -3.2068923
402.2553523; -43.2766377; -9.4578131; 1.5819303; -0.0427033; 8.3347955; -3.0509207
403.2535045; -44.2757070; -9.4470229; 1.5373957; -0.0467154; 7.9610457; -2.9601590
404.2516568; -45.2757954; -9.3894007; 1.4884581; -0.0506944; 7.5808225; -2.8501803
405.2498090; -46.2643208; -9.2819636; 1.4357712; -0.0561096; 7.1957656; -2.7505761
406.2479612; -47.2482791; -9.1187450; 1.3757542; -0.0639144; 6.8035326; -2.4996413
407.2461135; -48.2203469; -8.8933170; 1.3092689; -0.0689665; 6.4263528; -2.2586028
408.2442657; -49.1741841; -8.6017200; 1.2379843; -0.0750880; 6.0654061; -2.0181851
409.2424180; -50.1022994; -8.2397318; 1.1581096; -0.0855850; 5.7236561; -1.7577637
410.2405702; -50.9990592; -7.7982502; 1.0664924; -0.0978180; 5.4084386; -1.5805154
411.2387224; -51.8462240; -7.2727026; 0.9623062; -0.1113925; 5.1084262; -1.4166082
412.2368747; -52.6281459; -6.6580250; 0.8439645; -0.1304006; 4.8236953; -1.2623055
413.2350269; -53.3263216; -5.9438527; 0.7000078; -0.1552674; 4.5550072; -0.4228305
414.2331792; -53.9047702; -5.1385413; 0.5458546; -0.1553959; 4.4613890; -0.2895124
415.2313314; -54.3555610; -4.2471036; 0.3910961; -0.1527355; 4.3961389; -0.1833062
416.2294836; -54.6651963; -3.2946707; 0.2369272; -0.1549487; 4.3543199; 0.0216624
417.2276359; -54.8245203; -2.3095291; 0.0841102; -0.1527932; 4.3592828; -0.0097101
418.2257881; -54.8317448; -1.3082731; -0.0694350; -0.1522952; 4.3570589; -0.0574418
419.2239403; -54.6870358; -0.3228880; -0.2231258; -0.1578086; 4.3438797; -0.1644583
420.2220926; -54.3893890; 0.6275379; -0.3856723; -0.1686602; 4.3059241; -0.2093259
421.2202448; -53.9368612; 1.5164370; -0.5564186; -0.1713260; 4.2571239; -0.3596685
422.2183971; -53.3404073; 2.3150529; -0.7257817; -0.1671445; 4.1719416; -0.5756641
423.2165493; -52.6188517; 3.0030798; -0.8931840; -0.1712415; 4.0318601; -0.9283102
424.2147015; -51.7906183; 3.5565752; -1.0738960; -0.1937233; 3.7950897; -1.1825274
425.2128538; -50.8708959; 3.9394189; -1.2843720; -0.2262046; 3.4701615; -1.6946783
426.2110060; -49.8967645; 4.1002947; -1.5530274; -0.3542155; 2.9426055; -0.8268626
427.2091583; -48.9277720; 3.9260560; -1.9481392; -0.3755458; 2.6473114; 0.6002870
428.2073105; -48.0726547; 3.3933496; -2.3030085; -0.3363651; 2.8647187; 1.0087832
429.2054627; -47.4195268; 2.6156031; -2.5594033; -0.1951420; 3.1969441; 1.3893107
430.2036150; -46.9751302; 1.7389914; -2.8296512; -0.4073922; 3.6047106; 1.8258823
431.2017672; -46.8442374; 0.8233003; -3.1352531; -0.2155112; 4.0790876; 1.0664778
432.1999195; -46.9230421; -0.2224107; 3.0142566; -0.0358797; 4.3322015; -1.0047111
433.1980717; -47.0441116; -1.2341005; 3.0577425; 0.1309734; 4.0941740; -1.8316364
434.1962239; -47.0142348; -2.2605664; -2.9629114; 0.3481191; 3.6201874; -1.6935189
435.1943762; -46.6837043; -3.1532234; -2.6137864; 0.3378585; 3.1184896; -1.1287450
436.1925284; -46.0565313; -3.9310103; -2.3262246; 0.2881608; 2.7334335; -1.2974611
437.1906806; -45.2238626; -4.4488696; -1.8559393; 0.6863591; 2.2094188; 1.1392899
438.1888329; -44.2375060; -4.4374376; -1.3216617; 0.3568714; 2.6750516; 0.9255698
439.1869851; -43.3289634; -4.0555703; -1.0428495; 0.2383096; 3.0006033; 0.8384183
440.1851374; -42.5238021; -3.4521274; -0.8159090; 0.2183578; 3.2676227; 0.8886416
441.1832896; -41.8789146; -2.6944999; -0.5938795; 0.2166078; 3.5286481; 1.0196693
442.1814418; -41.4066856; -1.8172549; -0.4026147; 0.1676120; 3.8061697; 0.9282727
443.1795941; -41.0938937; -0.8743548; -0.2387257; 0.1631854; 4.0422819; -0.2769444
444.1777463; -40.9383771; 0.1116558; -0.0720621; 0.1750225; 3.9733081; -0.2284344
445.1758986; -40.9582069; 1.1130327; 0.1135796; 0.1776035; 3.9155016; 1.1896619
446.1740508; -41.1494613; 2.0927918; 0.2632283; 0.1250034; 4.2078593; 1.6558011
447.1722030; -41.4649122; 3.0440954; 0.3721843; 0.0936575; 4.5838372; 1.9233485
448.1703553; -41.8639479; 3.9534470; 0.4503257; 0.0671043; 4.9850930; 2.1386852
449.1685075; -42.3245701; 4.8376948; 0.5063655; 0.0445663; 5.3963524; 2.2044166
450.1666598; -42.8242487; 5.6967674; 0.5455834; 0.0344083; 5.7897587; 2.2586498
451.1648120; -43.3547650; 6.5406659; 0.5756054; 0.0267490; 6.1668678; 2.3031635
452.1629642; -43.9108540; 7.3746906; 0.5995862; 0.0209323; 6.5290179; 2.2612970
453.1611165; -44.4810069; 8.1925052; 0.6169089; 0.0140103; 6.8660259; 2.2565230
454.1592687; -45.0643189; 9.0045902; 0.6279265; 0.0082353; 7.1865860; 2.2702364
455.1574210; -45.6539508; 9.8113143; 0.6335751; 0.0038941; 7.4952720; 2.2166367
456.1555732; -46.2469006; 10.6145129; 0.6386946; 0.0063648; 7.7848689; 2.2079591
457.1537254; -46.8446763; 11.4138282; 0.6455139; 0.0062586; 8.0629983; 2.2095221
458.1518777; -47.4472572; 12.2092418; 0.6508344; 0.0044513; 8.3320358; 2.1470024
459.1500299; -48.0536684; 13.0022268; 0.6546749; 0.0032415; 8.5853882; 2.1350700
460.1481821; -48.6625572; 13.7931338; 0.6573103; 0.0020487; 8.8301269; 2.1282893
461.1463344; -49.2729864; 14.5826961; 0.6587677; 0.0008963; 9.0675165; 2.0606066
462.1444866; -49.8843304; 15.3718631; 0.6593285; 0.0002268; 9.2915797; 2.0379401
463.1426389; -50.4958126; 16.1608094; 0.6593237; -0.0000591; 9.5079862; 2.0176927
464.1407911; -51.1071622; 16.9496617; 0.6592862; -0.0000177; 9.7174961; 1.9390400
465.1389433; -51.7186611; 17.7387497; 0.6592616; -0.0000314; 9.9146682; 1.9182561
466.1370956; -52.3300769; 18.5277814; 0.6592243; -0.0000416; 10.1059422; 1.8973512
467.1352478; -52.9413120; 19.3166472; 0.6591794; -0.0000437; 10.2916354; 1.8252232
468.1334001; -53.5527646; 20.1057483; 0.6593538; 0.0003933; 10.4671610; 0.9162143
469.1315523; -54.1646771; 20.8947439; 0.6601801; 0.0016859; 10.5541699; 2.6616633
470.1297045; -54.7774699; 21.6820757; 0.6629361; 0.0038490; 10.8029622; 1.6435199
